Crop,Dis,Crop+Dis,long,lati,next_Dis
コンニャク,0,コンニャク0,138.8398762,36.28526347,1
コンニャク,1,コンニャク1,138.838936,36.28603583,1
野菜等,0,野菜等,138.8370282,36.28476707,0
野菜等,0,野菜等,138.8362261,36.28569655,0
不耕作,0,不耕作,138.7928646,36.2989666,0
農地以外,0,農地以外,138.7927988,36.29914426,0
野菜等,0,野菜等,138.7926179,36.29884298,0
不耕作,0,不耕作,138.7889842,36.30081152,0
耕作放棄,0,耕作放棄,138.788594,36.30006806,0
コンニャク,1,コンニャク1,138.7884168,36.30057412,2
コンニャク,1,コンニャク1,138.7877567,36.30080714,3
コンニャク,1,コンニャク1,138.7873019,36.3010269,3
コンニャク,1,コンニャク1,138.7929488,36.30004989,0
野菜等,0,野菜等,138.7925683,36.30017719,0
耕作放棄,0,耕作放棄,138.7922952,36.30030144,0
野菜等,0,野菜等,138.793057,36.2992918,0
コンニャク,2,コンニャク2,138.7927994,36.29961529,2
コンニャク,3,コンニャク3,138.7922235,36.29979462,2
農地以外,0,農地以外,138.7921365,36.30000885,0
農地以外,0,農地以外,138.7919913,36.29973049,0
農地以外,0,農地以外,138.7919246,36.29987114,0
コンニャク,2,コンニャク2,138.7892945,36.29920854,3
コンニャク,2,コンニャク2,138.789103,36.29933525,3
耕作放棄,0,耕作放棄,138.7888161,36.29951011,0
耕作放棄,0,耕作放棄,138.7885372,36.29966786,0
耕作放棄,0,耕作放棄,138.7883653,36.29977666,0
コンニャク,0,コンニャク0,138.790748,36.29977085,1
コンニャク,1,コンニャク1,138.7900512,36.30009325,3
コンニャク,1,コンニャク1,138.7895364,36.29997253,2
野菜等,0,野菜等,138.7893091,36.30028709,0
不耕作,0,不耕作,138.7939334,36.30006947,0
野菜等,0,野菜等,138.7939089,36.30034245,0
不耕作,0,不耕作,138.7936376,36.30024442,0
不耕作,0,不耕作,138.793474,36.30037063,0
野菜等,0,野菜等,138.7931907,36.30036979,0
不耕作,0,不耕作,138.7929907,36.30043498,0
耕作放棄,0,耕作放棄,138.7928033,36.30060781,0
耕作放棄,0,耕作放棄,138.7925188,36.30072829,0
コンニャク,1,コンニャク1,138.793325,36.29997243,1
コンニャク,0,コンニャク0,138.791689,36.2991683,1
野菜等,0,野菜等,138.7912597,36.29921145,0
耕作放棄,0,耕作放棄,138.7908975,36.299331,0
コンニャク,2,コンニャク2,138.791342,36.2997912,1
コンニャク,0,コンニャク0,138.7905698,36.29903618,0
コンニャク,0,コンニャク0,138.7901461,36.29917487,0
コンニャク,3,コンニャク3,138.7897146,36.29894706,0
コンニャク,1,コンニャク1,138.789486,36.29907863,2
耕作放棄,0,耕作放棄,138.7935384,36.29849493,0
農地以外,0,農地以外,138.793236,36.29857641,0
不耕作,0,不耕作,138.7932023,36.29903152,0
野菜等,0,野菜等,138.7929537,36.29849097,0
耕作放棄,0,耕作放棄,138.7842083,36.30444395,0
不耕作,0,不耕作,138.7841267,36.30426513,0
緑肥,0,緑肥,138.7837747,36.30438291,0
不耕作,0,不耕作,138.7835862,36.3043945,0
耕作放棄,0,耕作放棄,138.783995,36.30403246,0
不耕作,0,不耕作,138.78359,36.30412643,0
緑肥,0,緑肥,138.7831236,36.3038311,0
耕作放棄,0,耕作放棄,138.7829441,36.30371791,0
耕作放棄,0,耕作放棄,138.7828478,36.30386033,0
コンニャク,1,コンニャク1,138.7891405,36.30236024,2
コンニャク,1,コンニャク1,138.7885346,36.3024698,2
耕作放棄,0,耕作放棄,138.7880273,36.30251463,0
野菜等,0,野菜等,138.7894052,36.30284533,0
不耕作,0,不耕作,138.7901579,36.30250656,0
緑肥,0,緑肥,138.7850249,36.30380546,0
野菜等,0,野菜等,138.78476,36.30376798,0
コンニャク,2,コンニャク2,138.7909436,36.3009865,2
コンニャク,1,コンニャク1,138.790631,36.30106548,2
コンニャク,1,コンニャク1,138.7905637,36.30145217,2
コンニャク,1,コンニャク1,138.7903029,36.30095153,2
コンニャク,1,コンニャク1,138.7901234,36.30123216,0
コンニャク,1,コンニャク1,138.7898198,36.30132815,1
不耕作,0,不耕作,138.7895457,36.30167436,0
野菜等,0,野菜等,138.7892914,36.30117015,0
コンニャク,2,コンニャク2,138.7889027,36.3015839,2
耕作放棄,0,耕作放棄,138.786961,36.30080227,0
緑肥,0,緑肥,138.7919963,36.30036318,3
コンニャク,2,コンニャク2,138.7914533,36.3005478,2
農地以外,0,農地以外,138.7916253,36.30116649,0
農地以外,0,農地以外,138.7838696,36.30045145,0
野菜等,0,野菜等,138.7861658,36.29845653,0
コンニャク,1,コンニャク1,138.785366,36.29884616,1
コンニャク,1,コンニャク1,138.7851174,36.29913331,1
コンニャク,1,コンニャク1,138.7847036,36.29875893,1
コンニャク,2,コンニャク2,138.7843972,36.29951097,2
不耕作,0,不耕作,138.783905,36.29981565,1
コンニャク,3,コンニャク3,138.7827714,36.30038931,0
耕作放棄,0,耕作放棄,138.7825148,36.30053454,0
コンニャク,2,コンニャク2,138.7885068,36.3016773,3
コンニャク,2,コンニャク2,138.7879532,36.30183123,3
コンニャク,3,コンニャク3,138.7874862,36.30196711,3
コンニャク,2,コンニャク2,138.7909938,36.3017831,1
コンニャク,1,コンニャク1,138.7910091,36.30220628,2
コンニャク,0,コンニャク0,138.7911112,36.30276987,2
農地以外,0,農地以外,138.7912784,36.30317279,0
コンニャク,1,コンニャク1,138.7902733,36.30209738,2
緑肥,0,緑肥,138.789761,36.30223505,1
コンニャク,0,コンニャク0,138.781789,36.30055759,1
コンニャク,1,コンニャク1,138.7820287,36.30094769,1
コンニャク,1,コンニャク1,138.7822375,36.30117832,1
コンニャク,1,コンニャク1,138.7797094,36.3019918,1
コンニャク,1,コンニャク1,138.7792744,36.3021424,1
コンニャク,1,コンニャク1,138.7792224,36.30178954,1
コンニャク,0,コンニャク0,138.7787173,36.30201547,2
コンニャク,2,コンニャク2,138.7786442,36.30234515,2
耕作放棄,0,耕作放棄,138.7781152,36.30240712,0
コンニャク,0,コンニャク0,138.7815995,36.30215272,2
コンニャク,0,コンニャク0,138.7811181,36.30234842,2
コンニャク,1,コンニャク1,138.7804115,36.30250646,2
コンニャク,1,コンニャク1,138.7796274,36.30260384,2
緑肥,0,緑肥,138.7819633,36.30251359,1
緑肥,0,緑肥,138.7814788,36.302741,1
コンニャク,1,コンニャク1,138.7810383,36.30286511,1
コンニャク,1,コンニャク1,138.7808676,36.30290445,1
コンニャク,1,コンニャク1,138.7806089,36.30296297,1
野菜等,0,野菜等,138.7800089,36.30303383,0
野菜等,0,野菜等,138.7794331,36.30309935,0
不耕作,0,不耕作,138.7789993,36.30275635,0
コンニャク,1,コンニャク1,138.7785714,36.30325819,3
コンニャク,0,コンニャク0,138.7789782,36.3032104,0
コンニャク,1,コンニャク1,138.7785167,36.30282545,3
コンニャク,1,コンニャク1,138.7781964,36.30299794,3
不耕作,0,不耕作,138.782215,36.30293164,0
コンニャク,1,コンニャク1,138.78127,36.30160956,1
農地以外,0,農地以外,138.7919353,36.30154802,0
緑肥,0,緑肥,138.7929503,36.30113882,0
耕作放棄,0,耕作放棄,138.7921268,36.30173675,0
耕作放棄,0,耕作放棄,138.7925973,36.30138461,0
緑肥,0,緑肥,138.7924114,36.30197032,0
不耕作,0,不耕作,138.792773,36.30182956,0
耕作放棄,0,耕作放棄,138.7926736,36.30216953,0
野菜等,0,野菜等,138.792911,36.30208294,0
コンニャク,3,コンニャク3,138.7925171,36.29986549,2
コンニャク,3,コンニャク3,138.7922995,36.29962386,2
コンニャク,3,コンニャク3,138.7924492,36.29957652,2
コンニャク,0,コンニャク0,138.7919011,36.29915086,1
コンニャク,0,コンニャク0,138.7920217,36.29911001,1
コンニャク,0,コンニャク0,138.7921904,36.29905702,1
コンニャク,0,コンニャク0,138.7923666,36.29899681,1
コンニャク,0,コンニャク0,138.7925098,36.2989567,1
農地以外,0,農地以外,138.7921152,36.30097925,0
コンニャク,0,コンニャク0,138.7903807,36.29989336,1
耕作放棄,0,耕作放棄,138.7897875,36.30046273,0
野菜等,0,野菜等,138.789069,36.30036757,0
不耕作,0,不耕作,138.7888429,36.30054453,0
耕作放棄,0,耕作放棄,138.7872759,36.30012849,0
コンニャク,1,コンニャク1,138.7879746,36.29990943,2
コンニャク,1,コンニャク1,138.7880975,36.30069189,2
農地以外,0,農地以外,138.7867077,36.30072907,0
緑肥,0,緑肥,138.7863195,36.30302568,2
コンニャク,1,コンニャク1,138.7869226,36.30281991,2
コンニャク,1,コンニャク1,138.787442,36.30266008,1
緑肥,0,緑肥,138.7829347,36.30316948,1
耕作放棄,0,耕作放棄,138.7833686,36.3032268,0
不耕作,0,不耕作,138.7834492,36.30282243,0
緑肥,0,緑肥,138.7838506,36.302971,1
コンニャク,2,コンニャク2,138.7843811,36.30285593,2
コンニャク,2,コンニャク2,138.7850459,36.3026875,2
不耕作,0,不耕作,138.7856533,36.30268094,3
不耕作,0,不耕作,138.7855178,36.30236393,3
不耕作,0,不耕作,138.7859434,36.30243008,2
緑肥,0,緑肥,138.7864608,36.30229008,2
農地以外,0,農地以外,138.7870706,36.30244665,0
耕作放棄,0,耕作放棄,138.7870894,36.30189908,0
野菜等,0,野菜等,138.7865225,36.30140684,0
野菜等,0,野菜等,138.7865683,36.30174751,0
野菜等,0,野菜等,138.7862606,36.301497,0
不耕作,0,不耕作,138.7862647,36.30112126,0
不耕作,0,不耕作,138.7858094,36.3013361,0
緑肥,0,緑肥,138.7856037,36.30171082,1
不耕作,0,不耕作,138.7852293,36.3015939,0
緑肥,0,緑肥,138.7849537,36.30187118,0
コンニャク,0,コンニャク0,138.7842531,36.30168083,2
不耕作,0,不耕作,138.7846787,36.30192583,3
緑肥,0,緑肥,138.7838255,36.30215696,2
緑肥,0,緑肥,138.7834769,36.30231055,0
緑肥,0,緑肥,138.7829379,36.30254971,1
野菜等,0,野菜等,138.7825646,36.30271015,0
農地以外,0,農地以外,138.7824406,36.30222631,3
農地以外,0,農地以外,138.7828037,36.30198156,3
農地以外,0,農地以外,138.7829447,36.30188416,0
農地以外,0,農地以外,138.7831767,36.30173117,0
農地以外,0,農地以外,138.782016,36.30186214,0
農地以外,0,農地以外,138.7822758,36.30168542,0
農地以外,0,農地以外,138.7823963,36.30160516,0
農地以外,0,農地以外,138.7834344,36.30155884,0
農地以外,0,農地以外,138.7837497,36.30140051,0
農地以外,0,農地以外,138.7830507,36.30116093,0
農地以外,0,農地以外,138.7834419,36.30369701,0
不耕作,0,不耕作,138.7836665,36.30364601,1
不耕作,0,不耕作,138.7839503,36.30357772,3
不耕作,0,不耕作,138.7847648,36.30335891,3
不耕作,0,不耕作,138.7855453,36.30312371,3
緑肥,0,緑肥,138.7858058,36.30308061,2
農地以外,0,農地以外,138.7834184,36.30091246,0
農地以外,0,農地以外,138.784034,36.3011969,0
農地以外,0,農地以外,138.7844861,36.30134053,0
野菜等,0,野菜等,138.7834491,36.30439575,0
野菜等,0,野菜等,138.7835524,36.30367293,1
農地以外,0,農地以外,138.7898132,36.30258026,0
野菜等,0,野菜等,138.790425,36.30244672,0
野菜等,0,野菜等,138.792936,36.30176052,0
野菜等,0,野菜等,138.7835571,36.30309878,0
耕作放棄,0,耕作放棄,138.7868718,36.30210964,0
野菜等,0,野菜等,138.7872804,36.30226724,0
野菜等,0,野菜等,138.7911255,36.30066552,2
コンニャク,2,コンニャク2,138.7918361,36.30041143,3
コンニャク,1,コンニャク1,138.7840779,36.30207245,2
コンニャク,0,コンニャク0,138.7844191,36.30208868,2
不耕作,0,不耕作,138.7853987,36.30196092,3
緑肥,0,緑肥,138.785848,36.30173474,1
不耕作,0,不耕作,138.7887094,36.30029065,0
野菜等,0,野菜等,138.7892725,36.30075347,0
耕作放棄,0,耕作放棄,138.7888594,36.29997486,0
野菜等,0,野菜等,138.7895083,36.30067526,0
耕作放棄,0,耕作放棄,138.7891035,36.29988501,0
野菜等,0,野菜等,138.7930717,36.30060045,0
野菜等,0,野菜等,138.7937157,36.30041036,0
耕作放棄,0,耕作放棄,138.7932228,36.29957477,0
不耕作,0,不耕作,138.7931241,36.29877396,0
野菜等,0,野菜等,138.7787891,36.30278838,0
コンニャク,1,コンニャク1,138.7805458,36.30197166,1
コンニャク,0,コンニャク0,138.7831139,36.30018129,1
コンニャク,1,コンニャク1,138.7835482,36.29994495,1
コンニャク,1,コンニャク1,138.785811,36.29867996,1
緑肥,0,緑肥,138.7849238,36.30422612,0
不耕作,0,不耕作,138.7903071,36.30288738,0
野菜等,0,野菜等,138.7905092,36.3026895,0
耕作放棄,0,耕作放棄,138.7867352,36.30120391,0
緑肥,0,緑肥,138.7860354,36.30166527,3
野菜等,0,野菜等,138.7866504,36.30163386,0
野菜等,0,野菜等,138.7863823,36.30173087,0
野菜等,0,野菜等,138.7932658,36.30053613,0
農地以外,0,農地以外,138.7827136,36.30138856,0
野菜等,0,野菜等,138.7905894,36.30241147,0
野菜等,0,野菜等,138.7906725,36.3026548,0
耕作放棄,0,耕作放棄,138.8270059,36.29195656,0
野菜等,0,野菜等,138.8201946,36.2893513,0
耕作放棄,0,耕作放棄,138.8210117,36.28928799,0
コンニャク,3,コンニャク3,138.8207626,36.28973752,2
野菜等,0,野菜等,138.8203541,36.28998894,0
野菜等,0,野菜等,138.8220552,36.28957789,1
コンニャク,0,コンニャク0,138.8225613,36.28981325,1
野菜等,0,野菜等,138.8216176,36.28975118,0
コンニャク,2,コンニャク2,138.8222742,36.29024442,1
不耕作,0,不耕作,138.821371,36.29158041,0
農地以外,0,農地以外,138.8223909,36.29159483,0
コンニャク,3,コンニャク3,138.8249254,36.29050454,2
コンニャク,2,コンニャク2,138.8245494,36.29071654,0
コンニャク,1,コンニャク1,138.8242756,36.29093478,2
コンニャク,1,コンニャク1,138.8215139,36.29038972,1
緑肥,0,緑肥,138.8238883,36.28999551,0
コンニャク,2,コンニャク2,138.8233073,36.29028387,1
野菜等,0,野菜等,138.8230171,36.29050043,0
コンニャク,2,コンニャク2,138.8228086,36.29064551,1
コンニャク,2,コンニャク2,138.8223644,36.29101186,1
耕作放棄,0,耕作放棄,138.8240166,36.2911543,0
不耕作,0,不耕作,138.8237896,36.29130474,0
コンニャク,1,コンニャク1,138.8234058,36.29164059,1
野菜等,0,野菜等,138.8258204,36.29059852,0
コンニャク,1,コンニャク1,138.8264766,36.29094364,1
コンニャク,1,コンニャク1,138.8258126,36.29133458,1
野菜等,0,野菜等,138.8271098,36.2909854,0
コンニャク,2,コンニャク2,138.8269506,36.29126064,0
農地以外,0,農地以外,138.827922,36.29131982,0
不耕作,0,不耕作,138.8266944,36.29146928,0
野菜等,0,野菜等,138.8184319,36.28973835,0
野菜等,0,野菜等,138.8181412,36.28965428,0
野菜等,0,野菜等,138.8162332,36.29046385,0
不耕作,0,不耕作,138.8159368,36.2909766,0
不耕作,0,不耕作,138.815831,36.29072559,0
コンニャク,2,コンニャク2,138.81956,36.29061361,2
野菜等,0,野菜等,138.8186863,36.29062905,0
野菜等,0,野菜等,138.8179262,36.29113427,0
野菜等,0,野菜等,138.8200034,36.29149525,0
不耕作,0,不耕作,138.8269165,36.29238623,0
緑肥,0,緑肥,138.8234669,36.29312925,0
コンニャク,1,コンニャク1,138.8255176,36.29311123,1
コンニャク,3,コンニャク3,138.8250401,36.29280935,2
コンニャク,1,コンニャク1,138.8249028,36.29321373,2
野菜等,0,野菜等,138.8242399,36.29352698,0
緑肥,0,緑肥,138.8197015,36.28971449,2
コンニャク,1,コンニャク1,138.8181953,36.29023505,0
野菜等,0,野菜等,138.8189107,36.28935047,0
野菜等,0,野菜等,138.8157692,36.29284192,0
コンニャク,2,コンニャク2,138.8196992,36.29160049,0
コンニャク,2,コンニャク2,138.8192566,36.29173981,2
野菜等,0,野菜等,138.8187875,36.29189019,0
野菜等,0,野菜等,138.8183712,36.29201645,0
コンニャク,1,コンニャク1,138.8180597,36.29211807,3
コンニャク,1,コンニャク1,138.8177479,36.29220982,2
野菜等,0,野菜等,138.8209186,36.29210112,0
耕作放棄,0,耕作放棄,138.8211345,36.2925764,0
耕作放棄,0,耕作放棄,138.8206581,36.29236704,0
耕作放棄,0,耕作放棄,138.8203682,36.29246156,0
不耕作,0,不耕作,138.819969,36.29227321,0
不耕作,0,不耕作,138.8194194,36.29278531,0
緑肥,0,緑肥,138.8190617,36.29289415,0
コンニャク,3,コンニャク3,138.8186882,36.29300763,0
野菜等,0,野菜等,138.8180605,36.29285304,0
コンニャク,0,コンニャク0,138.8195483,36.2937764,2
野菜等,0,野菜等,138.820681,36.29425103,0
緑肥,0,緑肥,138.8203907,36.2943257,1
コンニャク,0,コンニャク0,138.8192519,36.29465258,1
野菜等,0,野菜等,138.8189034,36.29473689,0
不耕作,0,不耕作,138.8168247,36.2914627,0
コンニャク,1,コンニャク1,138.8163282,36.29162416,3
野菜等,0,野菜等,138.8158011,36.29157956,0
野菜等,0,野菜等,138.8154731,36.29166363,0
野菜等,0,野菜等,138.8156666,36.29207363,0
耕作放棄,0,耕作放棄,138.8152146,36.29174247,0
野菜等,0,野菜等,138.8149583,36.29181303,0
コンニャク,0,コンニャク0,138.8151305,36.29224228,1
緑肥,0,緑肥,138.8143562,36.29238046,2
緑肥,0,緑肥,138.8173564,36.2923484,0
野菜等,0,野菜等,138.8165508,36.29259952,0
野菜等,0,野菜等,138.8161393,36.29272527,0
耕作放棄,0,耕作放棄,138.8159072,36.29389642,0
野菜等,0,野菜等,138.8156278,36.29399276,0
コンニャク,1,コンニャク1,138.8151817,36.29410525,3
野菜等,0,野菜等,138.815321,36.29472748,0
耕作放棄,0,耕作放棄,138.813745,36.29269499,0
耕作放棄,0,耕作放棄,138.813361,36.29290287,0
緑肥,0,緑肥,138.8139897,36.29339174,1
コンニャク,0,コンニャク0,138.8134446,36.29359961,1
コンニャク,1,コンニャク1,138.8146177,36.29422577,2
コンニャク,1,コンニャク1,138.8148199,36.29467087,2
緑肥,0,緑肥,138.8138013,36.29434291,0
コンニャク,3,コンニャク3,138.8130452,36.29446456,0
野菜等,0,野菜等,138.8139424,36.29409833,0
コンニャク,1,コンニャク1,138.8137506,36.29469768,2
コンニャク,1,コンニャク1,138.8134027,36.29482243,2
野菜等,0,野菜等,138.812395,36.29452769,0
野菜等,0,野菜等,138.8111986,36.29494614,0
野菜等,0,野菜等,138.8121974,36.29427085,0
コンニャク,1,コンニャク1,138.8116541,36.29433972,0
野菜等,0,野菜等,138.8112545,36.2943512,0
コンニャク,0,コンニャク0,138.8106404,36.29439957,0
野菜等,0,野菜等,138.8109188,36.29387834,0
野菜等,0,野菜等,138.8098556,36.29419422,0
緑肥,0,緑肥,138.8094039,36.29449304,3
コンニャク,2,コンニャク2,138.808917,36.29434975,3
コンニャク,1,コンニャク1,138.8083709,36.29460238,2
コンニャク,2,コンニャク2,138.8094854,36.29376792,2
野菜等,0,野菜等,138.8099565,36.29497747,0
緑肥,0,緑肥,138.8092023,36.29520551,3
緑肥,0,緑肥,138.8083916,36.29523291,0
不耕作,0,不耕作,138.8096511,36.29536169,0
耕作放棄,0,耕作放棄,138.8093991,36.29560649,0
野菜等,0,野菜等,138.8112866,36.29256025,0
コンニャク,1,コンニャク1,138.8101797,36.29287091,1
コンニャク,1,コンニャク1,138.8090511,36.29315147,1
コンニャク,3,コンニャク3,138.8085403,36.2935118,3
コンニャク,3,コンニャク3,138.8082377,36.29377863,3
野菜等,0,野菜等,138.8120928,36.29122215,0
耕作放棄,0,耕作放棄,138.815047,36.29282057,0
野菜等,0,野菜等,138.8145258,36.29298107,0
野菜等,0,野菜等,138.8178565,36.29326284,0
コンニャク,1,コンニャク1,138.8062863,36.29329375,1
コンニャク,1,コンニャク1,138.8058019,36.29347631,1
コンニャク,1,コンニャク1,138.8055794,36.29356894,1
コンニャク,1,コンニャク1,138.805225,36.29374277,1
コンニャク,2,コンニャク2,138.8071994,36.29374679,3
コンニャク,0,コンニャク0,138.8068506,36.29386253,1
コンニャク,2,コンニャク2,138.8064394,36.29400653,3
コンニャク,1,コンニャク1,138.8060142,36.2941502,3
コンニャク,1,コンニャク1,138.8055601,36.29430264,3
コンニャク,1,コンニャク1,138.8048502,36.29431938,1
コンニャク,1,コンニャク1,138.8043676,36.29450586,1
コンニャク,2,コンニャク2,138.80397,36.29470655,1
耕作放棄,0,耕作放棄,138.8036562,36.29480444,1
耕作放棄,0,耕作放棄,138.80336,36.29489381,0
緑肥,0,緑肥,138.807293,36.29439729,1
コンニャク,1,コンニャク1,138.8066463,36.29462199,0
コンニャク,1,コンニャク1,138.8061175,36.29480012,0
コンニャク,1,コンニャク1,138.8057331,36.29492994,0
コンニャク,1,コンニャク1,138.8051408,36.29513328,0
コンニャク,1,コンニャク1,138.8048165,36.29524764,0
コンニャク,1,コンニャク1,138.8045303,36.29534392,0
コンニャク,1,コンニャク1,138.8084605,36.29279559,1
コンニャク,1,コンニャク1,138.808341,36.29289572,1
野菜等,0,野菜等,138.8081464,36.29305518,0
野菜等,0,野菜等,138.8078964,36.2932691,0
耕作放棄,0,耕作放棄,138.8077064,36.2934288,0
野菜等,0,野菜等,138.8076283,36.29375866,0
野菜等,0,野菜等,138.8075305,36.29355571,0
野菜等,0,野菜等,138.8074436,36.29337157,0
耕作放棄,0,耕作放棄,138.8039525,36.29554436,0
緑肥,0,緑肥,138.8077038,36.29496771,2
コンニャク,1,コンニャク1,138.8073083,36.29492675,2
コンニャク,2,コンニャク2,138.8114366,36.29166282,3
野菜等,0,野菜等,138.8113793,36.29143568,0
コンニャク,1,コンニャク1,138.8112334,36.29115549,0
緑肥,0,緑肥,138.810843,36.29189915,0
コンニャク,3,コンニャク3,138.810627,36.291331,3
コンニャク,1,コンニャク1,138.810467,36.29214513,2
コンニャク,1,コンニャク1,138.8101494,36.29223354,2
コンニャク,1,コンニャク1,138.8098014,36.29231931,2
コンニャク,2,コンニャク2,138.8098001,36.29161476,0
耕作放棄,0,耕作放棄,138.8096051,36.29172815,0
コンニャク,1,コンニャク1,138.8091144,36.29190352,3
コンニャク,1,コンニャク1,138.8088022,36.29259851,1
コンニャク,3,コンニャク3,138.8093639,36.29244001,0
コンニャク,1,コンニャク1,138.8083311,36.29214216,1
コンニャク,1,コンニャク1,138.8076262,36.29253061,1
コンニャク,2,コンニャク2,138.8071935,36.29291536,1
コンニャク,2,コンニャク2,138.8067018,36.29265993,2
コンニャク,0,コンニャク0,138.8068642,36.29314292,1
耕作放棄,0,耕作放棄,138.8008109,36.29548409,0
不耕作,0,不耕作,138.8004544,36.29561102,0
不耕作,0,不耕作,138.8001671,36.29572104,0
コンニャク,2,コンニャク2,138.8029329,36.29503207,1
コンニャク,2,コンニャク2,138.8026881,36.29520826,1
コンニャク,2,コンニャク2,138.8022263,36.29545042,3
コンニャク,1,コンニャク1,138.8018512,36.29577076,1
コンニャク,1,コンニャク1,138.8015673,36.29541614,1
コンニャク,0,コンニャク0,138.8014163,36.29585336,0
コンニャク,1,コンニャク1,138.8010145,36.29606203,1
コンニャク,0,コンニャク0,138.8007645,36.29619032,1
コンニャク,0,コンニャク0,138.8006039,36.29627885,1
緑肥,0,緑肥,138.8032898,36.29576347,0
コンニャク,0,コンニャク0,138.8026287,36.29609156,2
緑肥,0,緑肥,138.8019063,36.29647203,0
コンニャク,1,コンニャク1,138.8015197,36.29667661,2
野菜等,0,野菜等,138.8011082,36.2969403,1
コンニャク,1,コンニャク1,138.803445,36.29627552,1
緑肥,0,緑肥,138.8028167,36.2965943,0
コンニャク,0,コンニャク0,138.8018976,36.29707169,2
コンニャク,2,コンニャク2,138.8038005,36.29699734,1
野菜等,0,野菜等,138.803438,36.29720316,0
野菜等,0,野菜等,138.8032697,36.2972812,1
コンニャク,0,コンニャク0,138.8017365,36.29782029,1
コンニャク,0,コンニャク0,138.8013015,36.29817729,1
耕作放棄,0,耕作放棄,138.8019175,36.29822729,0
不耕作,0,不耕作,138.7999409,36.2955127,0
耕作放棄,0,耕作放棄,138.7995108,36.29555079,0
農地以外,0,農地以外,138.7989162,36.29570143,0
不耕作,0,不耕作,138.7998572,36.29583776,0
コンニャク,3,コンニャク3,138.7994255,36.29601068,2
緑肥,0,緑肥,138.7990417,36.29620277,0
コンニャク,0,コンニャク0,138.7972976,36.2964519,1
コンニャク,2,コンニャク2,138.8001352,36.2965122,2
野菜等,0,野菜等,138.799549,36.29681519,0
コンニャク,1,コンニャク1,138.7990844,36.29705465,2
耕作放棄,0,耕作放棄,138.7982492,36.29746354,2
コンニャク,0,コンニャク0,138.7977227,36.29742322,2
野菜等,0,野菜等,138.7970933,36.29731516,0
農地以外,0,農地以外,138.8007425,36.29860896,0
コンニャク,1,コンニャク1,138.8006872,36.29769902,1
コンニャク,3,コンニャク3,138.8067751,36.29511188,2
コンニャク,2,コンニャク2,138.8063977,36.29524418,0
コンニャク,2,コンニャク2,138.805742,36.29546881,3
野菜等,0,野菜等,138.8049939,36.29572528,0
緑肥,0,緑肥,138.8045486,36.29587909,1
コンニャク,3,コンニャク3,138.8079478,36.29555627,0
コンニャク,3,コンニャク3,138.8073413,36.29576812,0
コンニャク,2,コンニャク2,138.8069035,36.29589373,2
野菜等,0,野菜等,138.8054549,36.2963951,0
農地以外,0,農地以外,138.7999485,36.29828155,0
野菜等,0,野菜等,138.8004534,36.29704871,0
耕作放棄,0,耕作放棄,138.8001724,36.29738,0
不耕作,0,不耕作,138.7995954,36.29767886,0
不耕作,0,不耕作,138.7994429,36.29781473,0
野菜等,0,野菜等,138.7989811,36.29856214,0
コンニャク,1,コンニャク1,138.7981573,36.29841519,1
耕作放棄,0,耕作放棄,138.7976247,36.29822828,0
耕作放棄,0,耕作放棄,138.7972224,36.29833294,0
コンニャク,2,コンニャク2,138.7973043,36.29881913,1
農地以外,0,農地以外,138.7998425,36.2988048,0
耕作放棄,0,耕作放棄,138.7995514,36.2987976,0
農地以外,0,農地以外,138.7979815,36.29930775,0
農地以外,0,農地以外,138.7975021,36.29925157,0
不耕作,0,不耕作,138.7945345,36.29703764,0
不耕作,0,不耕作,138.7946277,36.29724606,0
コンニャク,2,コンニャク2,138.7939351,36.29711005,3
コンニャク,0,コンニャク0,138.7946038,36.29763594,1
コンニャク,0,コンニャク0,138.7937379,36.29755326,1
不耕作,0,不耕作,138.7955312,36.29725611,0
野菜等,0,野菜等,138.7957876,36.29711092,0
コンニャク,2,コンニャク2,138.7954947,36.29760334,1
コンニャク,2,コンニャク2,138.7956057,36.29787135,1
コンニャク,3,コンニャク3,138.7957367,36.2981906,0
コンニャク,3,コンニャク3,138.7957925,36.29842005,0
コンニャク,3,コンニャク3,138.7958608,36.29865231,0
耕作放棄,0,耕作放棄,138.7957106,36.29888485,0
不耕作,0,不耕作,138.7943862,36.29660545,0
農地以外,0,農地以外,138.7943575,36.29647504,0
野菜等,0,野菜等,138.7958786,36.29926919,0
不耕作,0,不耕作,138.7954259,36.2993273,0
コンニャク,0,コンニャク0,138.7941137,36.2978511,1
コンニャク,0,コンニャク0,138.7943481,36.29749011,1
コンニャク,0,コンニャク0,138.7941075,36.29740805,1
耕作放棄,0,耕作放棄,138.7934073,36.29708473,0
コンニャク,2,コンニャク2,138.7943741,36.29732325,3
不耕作,0,不耕作,138.794805,36.29733335,0
コンニャク,1,コンニャク1,138.7990587,36.2978826,1
耕作放棄,0,耕作放棄,138.8007321,36.29713111,0
野菜等,0,野菜等,138.7950216,36.29866292,0
コンニャク,3,コンニャク3,138.7947536,36.29816779,1
緑肥,0,緑肥,138.8088358,36.29549435,0
コンニャク,0,コンニャク0,138.8011192,36.29798843,1
コンニャク,2,コンニャク2,138.8219437,36.2899939,1
野菜等,0,野菜等,138.7949691,36.29848334,1
コンニャク,0,コンニャク0,138.7938902,36.29779265,1
農地以外,0,農地以外,138.7988661,36.29816537,0
不耕作,0,不耕作,138.8087906,36.29396752,3
緑肥,0,緑肥,138.8104,36.29371006,2
コンニャク,3,コンニャク3,138.80835,36.29368258,3
コンニャク,2,コンニャク2,138.8101491,36.29145221,3
不耕作,0,不耕作,138.8112258,36.29310356,0
耕作放棄,0,耕作放棄,138.8113394,36.29289862,0
農地以外,0,農地以外,138.8113666,36.29212772,0
コンニャク,3,コンニャク3,138.812041,36.29473938,0
野菜等,0,野菜等,138.812791,36.2945203,0
野菜等,0,野菜等,138.8134267,36.29435373,0
緑肥,0,緑肥,138.8137161,36.29417394,0
コンニャク,3,コンニャク3,138.8142618,36.29408341,0
不耕作,0,不耕作,138.7944778,36.29715755,0
野菜等,0,野菜等,138.7945016,36.29687523,0
不耕作,0,不耕作,138.7947013,36.29708206,0
野菜等,0,野菜等,138.7960496,36.29888231,0
不耕作,0,不耕作,138.7956907,36.29804735,1
緑肥,0,緑肥,138.7950885,36.29741713,3
緑肥,0,緑肥,138.7950507,36.29724988,3
緑肥,0,緑肥,138.7949224,36.29711777,0
野菜等,0,野菜等,138.7953285,36.29727616,0
野菜等,0,野菜等,138.7943995,36.29669764,0
農地以外,0,農地以外,138.7970642,36.29929707,0
コンニャク,0,コンニャク0,138.7992761,36.29893099,1
農地以外,0,農地以外,138.800003,36.29860827,0
コンニャク,0,コンニャク0,138.800412,36.29836055,1
農地以外,0,農地以外,138.8016852,36.29839274,0
農地以外,0,農地以外,138.8014998,36.29849392,0
農地以外,0,農地以外,138.8020337,36.29840469,0
農地以外,0,農地以外,138.8009685,36.29835098,0
緑肥,0,緑肥,138.8030946,36.29737615,1
コンニャク,1,コンニャク1,138.7985621,36.29829895,1
野菜等,0,野菜等,138.8140254,36.29426932,0
コンニャク,1,コンニャク1,138.8143307,36.29452607,2
コンニャク,0,コンニャク0,138.8127585,36.29403839,1
農地以外,0,農地以外,138.7988798,36.29827804,0
農地以外,0,農地以外,138.8000364,36.29803923,0
農地以外,0,農地以外,138.7999606,36.29815283,0
コンニャク,0,コンニャク0,138.801232,36.2968098,1
耕作放棄,0,耕作放棄,138.7972026,36.29778657,0
コンニャク,1,コンニャク1,138.7985622,36.29722875,2
野菜等,0,野菜等,138.798241,36.29618088,0
コンニャク,1,コンニャク1,138.8040524,36.29605334,0
緑肥,0,緑肥,138.8077592,36.29477153,2
野菜等,0,野菜等,138.8090827,36.29583289,0
不耕作,0,不耕作,138.8093211,36.29566865,0
野菜等,0,野菜等,138.809526,36.295495,0
野菜等,0,野菜等,138.808583,36.29559997,0
野菜等,0,野菜等,138.8096781,36.29506411,0
コンニャク,0,コンニャク0,138.8131116,36.29386231,1
コンニャク,2,コンニャク2,138.8174022,36.29428577,1
コンニャク,1,コンニャク1,138.8149391,36.2941735,3
野菜等,0,野菜等,138.8152992,36.29324618,0
耕作放棄,0,耕作放棄,138.8154094,36.29268359,0
野菜等,0,野菜等,138.815605,36.29310128,0
コンニャク,2,コンニャク2,138.814423,36.29257556,2
野菜等,0,野菜等,138.8160222,36.29205712,0
野菜等,0,野菜等,138.8166273,36.29070507,0
野菜等,0,野菜等,138.8182991,36.29335299,0
野菜等,0,野菜等,138.8197922,36.29266055,0
野菜等,0,野菜等,138.8202105,36.29275891,0
野菜等,0,野菜等,138.8188993,36.29104721,0
コンニャク,1,コンニャク1,138.8198775,36.29046575,0
コンニャク,0,コンニャク0,138.8202435,36.2905491,2
緑肥,0,緑肥,138.816902,36.29003904,0
野菜等,0,野菜等,138.81703,36.2905277,0
コンニャク,2,コンニャク2,138.8179406,36.28971943,0
耕作放棄,0,耕作放棄,138.8214499,36.28949246,0
野菜等,0,野菜等,138.8192138,36.28913368,0
農地以外,0,農地以外,138.8108534,36.29261026,0
コンニャク,1,コンニャク1,138.8028051,36.29752958,1
コンニャク,0,コンニャク0,138.8023065,36.29773842,1
コンニャク,0,コンニャク0,138.8026002,36.2981265,0
コンニャク,1,コンニャク1,138.7994928,36.29831168,2
コンニャク,1,コンニャク1,138.8054901,36.2950133,0
緑肥,0,緑肥,138.8086659,36.29517988,0
野菜等,0,野菜等,138.8098974,36.29457569,0
野菜等,0,野菜等,138.8147519,36.29341858,0
野菜等,0,野菜等,138.8159366,36.29187071,0
不耕作,0,不耕作,138.8157134,36.29106888,0
不耕作,0,不耕作,138.815674,36.29077196,0
野菜等,0,野菜等,138.8162561,36.29082216,0
野菜等,0,野菜等,138.818286,36.29279595,0
野菜等,0,野菜等,138.8184961,36.29322586,0
野菜等,0,野菜等,138.82058,36.29024634,0
コンニャク,1,コンニャク1,138.8173034,36.29345846,2
野菜等,0,野菜等,138.8109159,36.29222673,0
野菜等,0,野菜等,138.7998083,36.29756831,0
耕作放棄,0,耕作放棄,138.7977979,36.298725,0
野菜等,0,野菜等,138.798693,36.29619347,0
コンニャク,2,コンニャク2,138.8089583,36.29472386,3
コンニャク,1,コンニャク1,138.817162,36.29264625,2
コンニャク,1,コンニャク1,138.8169625,36.29223212,3
野菜等,0,野菜等,138.816428,36.29034058,0
野菜等,0,野菜等,138.8164532,36.29076255,0
不耕作,0,不耕作,138.8161057,36.29092072,0
不耕作,0,不耕作,138.8159906,36.29068073,0
コンニャク,1,コンニャク1,138.8153327,36.29392846,3
コンニャク,1,コンニャク1,138.8155414,36.29435475,3
緑肥,0,緑肥,138.8235952,36.29006261,0
コンニャク,2,コンニャク2,138.822589,36.29084357,1
耕作放棄,0,耕作放棄,138.8396541,36.28196409,0
コンニャク,2,コンニャク2,138.8364002,36.28222754,2
耕作放棄,0,耕作放棄,138.836365,36.28176158,2
不耕作,0,不耕作,138.8396629,36.28416923,1
不耕作,0,不耕作,138.8391678,36.27888028,0
緑肥,0,緑肥,138.8400041,36.277974,0
不耕作,0,不耕作,138.8391271,36.28515837,1
コンニャク,1,コンニャク1,138.8385574,36.28592198,2
野菜等,0,野菜等,138.8409285,36.2836444,0
コンニャク,1,コンニャク1,138.841931,36.28519159,0
コンニャク,1,コンニャク1,138.8402949,36.28386426,2
耕作放棄,0,耕作放棄,138.8366492,36.28395781,0
野菜等,0,野菜等,138.8425759,36.2841249,1
コンニャク,3,コンニャク3,138.842874,36.28380991,0
コンニャク,1,コンニャク1,138.8416417,36.28509842,1
コンニャク,2,コンニャク2,138.8414412,36.28358625,0
コンニャク,1,コンニャク1,138.8414948,36.28423469,1
コンニャク,2,コンニャク2,138.8418075,36.28398226,1
不耕作,0,不耕作,138.8402446,36.28589864,0
コンニャク,1,コンニャク1,138.8402874,36.28626187,1
コンニャク,1,コンニャク1,138.8406765,36.28609355,0
不耕作,0,不耕作,138.8401506,36.28566354,0
不耕作,0,不耕作,138.8391053,36.28424519,0
緑肥,0,緑肥,138.8407948,36.28470638,0
コンニャク,3,コンニャク3,138.8378764,36.28280622,0
コンニャク,3,コンニャク3,138.8386087,36.28276863,0
緑肥,0,緑肥,138.8357063,36.28171592,0
野菜等,0,野菜等,138.8394866,36.28266156,0
コンニャク,1,コンニャク1,138.8370339,36.28385012,1
不耕作,0,不耕作,138.8437857,36.28308481,0
不耕作,0,不耕作,138.8374273,36.28386421,0
農地以外,0,農地以外,138.8373709,36.28337664,0
耕作放棄,0,耕作放棄,138.8374378,36.27836605,0
野菜等,0,野菜等,138.8377641,36.28357719,0
野菜等,0,野菜等,138.8371284,36.28289167,0
野菜等,0,野菜等,138.8361674,36.27992922,1
野菜等,0,野菜等,138.8411934,36.28395497,1
コンニャク,1,コンニャク1,138.8362359,36.28285963,3
コンニャク,1,コンニャク1,138.8370397,36.28201347,0
耕作放棄,0,耕作放棄,138.8359611,36.2822132,0
不耕作,0,不耕作,138.838325,36.28337876,0
耕作放棄,0,耕作放棄,138.8361332,36.28227627,2
野菜等,0,野菜等,138.8387188,36.28316006,0
不耕作,0,不耕作,138.8380245,36.28347993,0
野菜等,0,野菜等,138.8385311,36.28314864,0
コンニャク,2,コンニャク2,138.8372684,36.28093916,1
コンニャク,1,コンニャク1,138.8382017,36.28092927,1
耕作放棄,0,耕作放棄,138.8367314,36.28175496,2
コンニャク,2,コンニャク2,138.8373119,36.2820179,1
不耕作,0,不耕作,138.8376778,36.2822565,1
コンニャク,1,コンニャク1,138.838339,36.28198946,1
コンニャク,3,コンニャク3,138.8361038,36.28098208,0
不耕作,0,不耕作,138.8392224,36.28548711,2
コンニャク,2,コンニャク2,138.8370038,36.28096095,0
コンニャク,1,コンニャク1,138.8393124,36.28607897,1
緑肥,0,緑肥,138.8360822,36.27928683,2
野菜等,0,野菜等,138.8371047,36.27899796,0
緑肥,0,緑肥,138.837315,36.27897281,0
コンニャク,3,コンニャク3,138.8383637,36.28091431,1
コンニャク,3,コンニャク3,138.8385261,36.28093462,1
野菜等,0,野菜等,138.8388616,36.28090581,1
コンニャク,0,コンニャク0,138.8393946,36.28087656,1
コンニャク,1,コンニャク1,138.8390349,36.28196166,1
緑肥,0,緑肥,138.8396238,36.28163651,1
緑肥,0,緑肥,138.8353302,36.28089755,0
野菜等,0,野菜等,138.8387061,36.28691928,0
緑肥,0,緑肥,138.8357179,36.28097394,0
コンニャク,1,コンニャク1,138.8392787,36.28650474,1
コンニャク,1,コンニャク1,138.8396951,36.28006373,1
野菜等,0,野菜等,138.8398566,36.27953206,0
不耕作,0,不耕作,138.839113,36.28090617,1
不耕作,0,不耕作,138.8405433,36.28258955,0
コンニャク,1,コンニャク1,138.8357691,36.28721053,0
野菜等,0,野菜等,138.8365359,36.28629909,0
不耕作,0,不耕作,138.8319014,36.2858219,0
野菜等,0,野菜等,138.8349565,36.2856354,0
野菜等,0,野菜等,138.830465,36.28660506,1
耕作放棄,0,耕作放棄,138.8385515,36.27905695,0
野菜等,0,野菜等,138.8372358,36.28347199,0
コンニャク,2,コンニャク2,138.8364462,36.28326346,3
不耕作,0,不耕作,138.8374685,36.28283428,0
緑肥,0,緑肥,138.8396901,36.28086732,1
不耕作,0,不耕作,138.8379945,36.28224075,1
耕作放棄,0,耕作放棄,138.8379932,36.27990633,0
不耕作,0,不耕作,138.8386549,36.28091913,1
緑肥,0,緑肥,138.8376541,36.281747,1
コンニャク,1,コンニャク1,138.8399074,36.27898271,1
緑肥,0,緑肥,138.8379691,36.28174262,1
コンニャク,1,コンニャク1,138.8398816,36.27842258,1
緑肥,0,緑肥,138.8403523,36.27799196,0
コンニャク,1,コンニャク1,138.8426427,36.28149665,1
コンニャク,1,コンニャク1,138.8394465,36.2869172,1
不耕作,0,不耕作,138.8399944,36.28609466,0
野菜等,0,野菜等,138.8387589,36.28647951,1
野菜等,0,野菜等,138.8359765,36.28168866,0
コンニャク,2,コンニャク2,138.8367558,36.28221228,2
耕作放棄,0,耕作放棄,138.8389149,36.27896153,0
緑肥,0,緑肥,138.8333652,36.28741687,1
不耕作,0,不耕作,138.8306923,36.28714146,0
不耕作,0,不耕作,138.8312359,36.28627157,0
コンニャク,2,コンニャク2,138.8316279,36.28619187,1
耕作放棄,0,耕作放棄,138.8353853,36.28943443,0
コンニャク,1,コンニャク1,138.8349051,36.28908099,1
コンニャク,2,コンニャク2,138.8302853,36.28458706,2
緑肥,0,緑肥,138.831094,36.28501662,0
野菜等,0,野菜等,138.8357313,36.2893866,0
コンニャク,1,コンニャク1,138.8367474,36.28900942,3
コンニャク,2,コンニャク2,138.829225,36.2850807,0
コンニャク,1,コンニャク1,138.832908,36.28925844,1
コンニャク,1,コンニャク1,138.8331566,36.28908362,1
不耕作,0,不耕作,138.83349,36.28905583,0
コンニャク,2,コンニャク2,138.8288374,36.28519706,0
コンニャク,1,コンニャク1,138.8341046,36.28904801,1
不耕作,0,不耕作,138.8336362,36.28670441,0
野菜等,0,野菜等,138.8340291,36.28665065,0
緑肥,0,緑肥,138.8306061,36.285424,0
コンニャク,3,コンニャク3,138.8292647,36.28580096,3
緑肥,0,緑肥,138.8323712,36.28508092,0
耕作放棄,0,耕作放棄,138.8299783,36.28561708,0
緑肥,0,緑肥,138.833171,36.28500611,0
コンニャク,0,コンニャク0,138.832046,36.28512297,2
不耕作,0,不耕作,138.8339989,36.28845428,0
不耕作,0,不耕作,138.8320658,36.28880382,0
不耕作,0,不耕作,138.8334499,36.28852064,0
不耕作,0,不耕作,138.8316757,36.28697713,0
不耕作,0,不耕作,138.8323264,36.28688413,0
不耕作,0,不耕作,138.8327835,36.28681542,0
野菜等,0,野菜等,138.8331813,36.28676608,0
耕作放棄,0,耕作放棄,138.8296749,36.28571895,0
コンニャク,0,コンニャク0,138.8318075,36.28513988,0
コンニャク,3,コンニャク3,138.8359239,36.28614027,0
コンニャク,0,コンニャク0,138.8316793,36.28517523,0
野菜等,0,野菜等,138.8364879,36.28532954,0
不耕作,0,不耕作,138.8302645,36.28732818,0
野菜等,0,野菜等,138.8303506,36.28727612,0
野菜等,0,野菜等,138.8310463,36.28706218,0
野菜等,0,野菜等,138.8312849,36.28703545,0
緑肥,0,緑肥,138.8348713,36.28346689,0
コンニャク,2,コンニャク2,138.8320794,36.28825681,1
コンニャク,1,コンニャク1,138.8333722,36.28807988,2
緑肥,0,緑肥,138.8314134,36.28522593,0
野菜等,0,野菜等,138.8336118,36.2835855,0
耕作放棄,0,耕作放棄,138.834584,36.2835572,0
コンニャク,1,コンニャク1,138.8332458,36.28207816,1
耕作放棄,0,耕作放棄,138.8334222,36.28195844,0
耕作放棄,0,耕作放棄,138.8335547,36.28187627,3
コンニャク,3,コンニャク3,138.8337491,36.2817511,3
野菜等,0,野菜等,138.8323289,36.28272808,0
野菜等,0,野菜等,138.8323115,36.28258974,2
コンニャク,3,コンニャク3,138.8323075,36.28243194,2
コンニャク,1,コンニャク1,138.8323057,36.28208519,1
緑肥,0,緑肥,138.8333363,36.28081807,0
野菜等,0,野菜等,138.8335493,36.28075637,0
コンニャク,3,コンニャク3,138.8339606,36.2806106,0
コンニャク,1,コンニャク1,138.8327124,36.28268725,1
コンニャク,2,コンニャク2,138.835268,36.2843803,1
コンニャク,2,コンニャク2,138.8348873,36.28449565,1
野菜等,0,野菜等,138.8318427,36.28761107,0
緑肥,0,緑肥,138.8355318,36.28432841,1
コンニャク,1,コンニャク1,138.8305412,36.28645071,1
コンニャク,1,コンニャク1,138.835165,36.28228618,1
耕作放棄,0,耕作放棄,138.837508,36.28835345,0
野菜等,0,野菜等,138.8355943,36.28988365,0
コンニャク,2,コンニャク2,138.8310999,36.28826868,0
緑肥,0,緑肥,138.8339534,36.28800977,2
野菜等,0,野菜等,138.8351261,36.28949148,2
不耕作,0,不耕作,138.8308778,36.28626351,1
耕作放棄,0,耕作放棄,138.8332305,36.28092538,0
野菜等,0,野菜等,138.8352036,36.28835879,0
緑肥,0,緑肥,138.8357483,36.28423901,1
コンニャク,2,コンニャク2,138.8361776,36.28409523,0
コンニャク,3,コンニャク3,138.8337274,36.28125838,0
コンニャク,3,コンニャク3,138.8343874,36.2813666,0
耕作放棄,0,耕作放棄,138.8325793,36.28162144,0
耕作放棄,0,耕作放棄,138.8330015,36.28129646,0
野菜等,0,野菜等,138.8332889,36.28120283,0
耕作放棄,0,耕作放棄,138.8330873,36.28100942,0
不耕作,0,不耕作,138.8366341,36.28615122,0
不耕作,0,不耕作,138.8370021,36.28938353,0
野菜等,0,野菜等,138.8322776,36.2833898,0
耕作放棄,0,耕作放棄,138.8372126,36.28840897,0
コンニャク,2,コンニャク2,138.8361404,36.28764898,0
コンニャク,3,コンニャク3,138.8329552,36.2831387,0
コンニャク,2,コンニャク2,138.8332891,36.28300463,0
不耕作,0,不耕作,138.8336422,36.28286731,0
不耕作,0,不耕作,138.8370081,36.2857204,0
コンニャク,1,コンニャク1,138.8362318,36.28664389,0
コンニャク,2,コンニャク2,138.833032,36.28599078,0
不耕作,0,不耕作,138.8367809,36.28593598,2
野菜等,0,野菜等,138.834639,36.28567649,0
コンニャク,1,コンニャク1,138.8324568,36.28607681,1
コンニャク,1,コンニャク1,138.8342173,36.2857867,2
コンニャク,2,コンニャク2,138.8264827,36.28870888,2
緑肥,0,緑肥,138.8274619,36.28827712,0
野菜等,0,野菜等,138.8254939,36.29001704,0
不耕作,0,不耕作,138.8270264,36.28858596,0
コンニャク,1,コンニャク1,138.8252728,36.28858345,0
不耕作,0,不耕作,138.8251394,36.28974631,0
コンニャク,1,コンニャク1,138.8259267,36.28797506,1
コンニャク,1,コンニャク1,138.8250348,36.28880006,0
野菜等,0,野菜等,138.826816,36.28767379,0
不耕作,0,不耕作,138.8226975,36.28795832,0
コンニャク,1,コンニャク1,138.825592,36.28831488,2
コンニャク,1,コンニャク1,138.8273429,36.28911298,1
緑肥,0,緑肥,138.8277262,36.28814934,0
野菜等,0,野菜等,138.830926,36.28961996,0
コンニャク,2,コンニャク2,138.8260765,36.28682726,3
コンニャク,1,コンニャク1,138.8284394,36.28533238,1
野菜等,0,野菜等,138.8266379,36.28569917,0
コンニャク,3,コンニャク3,138.822148,36.28843347,0
野菜等,0,野菜等,138.82934,36.28991977,0
野菜等,0,野菜等,138.8218356,36.28783149,0
コンニャク,3,コンニャク3,138.8266007,36.28951218,0
不耕作,0,不耕作,138.8249035,36.28993149,0
コンニャク,1,コンニャク1,138.8247134,36.28907327,2
コンニャク,1,コンニャク1,138.8282997,36.28946127,2
コンニャク,1,コンニャク1,138.8243846,36.28933736,0
野菜等,0,野菜等,138.8295959,36.2876539,0
不耕作,0,不耕作,138.8280288,36.28765084,0
不耕作,0,不耕作,138.8288032,36.28710668,0
不耕作,0,不耕作,138.8259804,36.28766043,1
不耕作,0,不耕作,138.8277614,36.28708147,0
野菜等,0,野菜等,138.8259886,36.28752279,0
野菜等,0,野菜等,138.8253187,36.28959251,0
緑肥,0,緑肥,138.8265242,36.28776266,0
野菜等,0,野菜等,138.8280328,36.28858657,0
不耕作,0,不耕作,138.8259398,36.28980461,0
不耕作,0,不耕作,138.8272336,36.287534,0
野菜等,0,野菜等,138.829311,36.28780244,0
コンニャク,3,コンニャク3,138.8284088,36.28831547,1
コンニャク,1,コンニャク1,138.8240603,36.28703112,1
野菜等,0,野菜等,138.8306291,36.29013197,0
コンニャク,1,コンニャク1,138.8230751,36.28777584,1
野菜等,0,野菜等,138.8313898,36.28996027,0
コンニャク,1,コンニャク1,138.8255706,36.28659279,0
不耕作,0,不耕作,138.8242138,36.28808262,0
コンニャク,1,コンニャク1,138.8216179,36.28881065,1
不耕作,0,不耕作,138.8231163,36.28898963,1
緑肥,0,緑肥,138.8314376,36.28927742,1
緑肥,0,緑肥,138.8271555,36.28650127,2
コンニャク,1,コンニャク1,138.826649,36.28664879,1
不耕作,0,不耕作,138.8227249,36.28923202,1
野菜等,0,野菜等,138.8275111,36.28987493,0
野菜等,0,野菜等,138.8300326,36.28743213,0
コンニャク,2,コンニャク2,138.8207678,36.28850464,0
不耕作,0,不耕作,138.8265294,36.29022631,0
耕作放棄,0,耕作放棄,138.8202996,36.28820924,0
不耕作,0,不耕作,138.8281703,36.28618411,1
コンニャク,2,コンニャク2,138.8289658,36.28615339,0
野菜等,0,野菜等,138.8275476,36.28602917,0
野菜等,0,野菜等,138.828437,36.28608502,2
不耕作,0,不耕作,138.829615,36.29054819,0
野菜等,0,野菜等,138.8299565,36.29059026,0
野菜等,0,野菜等,138.8214569,36.28803902,0
不耕作,0,不耕作,138.8245035,36.28925983,0
不耕作,0,不耕作,138.8289466,36.28707474,0
緑肥,0,緑肥,138.8238796,36.28834433,1
緑肥,0,緑肥,138.8286456,36.28605044,2
コンニャク,2,コンニャク2,138.826406,36.28892,2
コンニャク,2,コンニャク2,138.8270697,36.28995511,1
不耕作,0,不耕作,138.8308872,36.28861088,0
野菜等,0,野菜等,138.8252133,36.2863161,0
緑肥,0,緑肥,138.8303398,36.2891175,0
不耕作,0,不耕作,138.8264097,36.28579089,3
コンニャク,1,コンニャク1,138.8248638,36.2865227,0
コンニャク,2,コンニャク2,138.8258995,36.28592697,3
コンニャク,2,コンニャク2,138.8286951,36.28916065,2
野菜等,0,野菜等,138.8277864,36.29014452,0
コンニャク,1,コンニャク1,138.8296649,36.28848892,2
不耕作,0,不耕作,138.8290803,36.28702252,0
野菜等,0,野菜等,138.8293975,36.28689807,0
不耕作,0,不耕作,138.8238754,36.28962845,1
緑肥,0,緑肥,138.8242227,36.28949495,1
コンニャク,1,コンニャク1,138.8273705,36.2904719,1
不耕作,0,不耕作,138.8300672,36.29014562,0
農地以外,0,農地以外,138.8399356,36.28587661,0
農地以外,0,農地以外,138.835127,36.28976612,0
農地以外,0,農地以外,138.8374425,36.27803656,0
農地以外,0,農地以外,138.8431631,36.28297606,0
農地以外,0,農地以外,138.8395172,36.28496525,0
農地以外,0,農地以外,138.835567,36.28968419,0
農地以外,0,農地以外,138.8392788,36.28302034,0
農地以外,0,農地以外,138.8373608,36.28926105,0
コンニャク,2,コンニャク2,138.8210188,36.28829696,2
コンニャク,1,コンニャク1,138.8255824,36.28691297,1
不耕作,0,不耕作,138.8265343,36.28571534,0
コンニャク,1,コンニャク1,138.8277426,36.28645795,1
不耕作,0,不耕作,138.8279223,36.28624042,0
不耕作,0,不耕作,138.8268853,36.28825788,0
野菜等,0,野菜等,138.8311114,36.29003704,0
野菜等,0,野菜等,138.8311623,36.2894625,0
農地以外,0,農地以外,138.8327947,36.28897603,0
野菜等,0,野菜等,138.8304229,36.2872404,0
野菜等,0,野菜等,138.83053,36.28718521,0
不耕作,0,不耕作,138.8319708,36.28615498,0
不耕作,0,不耕作,138.83194,36.2860097,0
コンニャク,2,コンニャク2,138.833613,36.28592523,2
緑肥,0,緑肥,138.8310131,36.28532402,0
コンニャク,3,コンニャク3,138.8340525,36.28169785,3
不耕作,0,不耕作,138.8369471,36.28587035,0
緑肥,0,緑肥,138.841458,36.28474673,1
野菜等,0,野菜等,138.8375727,36.28376109,0
野菜等,0,野菜等,138.8386329,36.28337187,0
野菜等,0,野菜等,138.8388443,36.2833284,0
野菜等,0,野菜等,138.8398128,36.28269216,3
野菜等,0,野菜等,138.8395674,36.28291325,0
コンニャク,3,コンニャク3,138.8380662,36.28279604,0
野菜等,0,野菜等,138.8398227,36.27995985,0
緑肥,0,緑肥,138.840267,36.27767752,0
コンニャク,1,コンニャク1,138.8419239,36.28160012,1
農地以外,0,農地以外,138.8415501,36.28154203,0
コンニャク,3,コンニャク3,138.8427731,36.28393783,1
コンニャク,2,コンニャク2,138.8421732,36.28357731,1
コンニャク,2,コンニャク2,138.8416975,36.28346323,0
コンニャク,1,コンニャク1,138.8245494,36.28663135,1
緑肥,0,緑肥,138.8274329,36.2863961,2
緑肥,0,緑肥,138.8306411,36.28885788,0
野菜等,0,野菜等,138.8309159,36.29024665,0
不耕作,0,不耕作,138.8308172,36.28703068,0
不耕作,0,不耕作,138.8306937,36.28639251,1
不耕作,0,不耕作,138.8320265,36.28639095,0
コンニャク,1,コンニャク1,138.8329455,36.28232452,1
野菜等,0,野菜等,138.8338215,36.28400609,0
緑肥,0,緑肥,138.8412462,36.28503865,1
野菜等,0,野菜等,138.8399196,36.28285829,3
野菜等,0,野菜等,138.8394201,36.28314666,0
緑肥,0,緑肥,138.8366231,36.27903734,2
コンニャク,1,コンニャク1,138.8423225,36.28460054,1
コンニャク,1,コンニャク1,138.8290721,36.29013459,1
コンニャク,1,コンニャク1,138.8214977,36.29409162,2
コンニャク,1,コンニャク1,138.8224461,36.29372404,1
コンニャク,3,コンニャク3,138.8221118,36.29287461,2
野菜等,0,野菜等,138.8231044,36.29339281,0
コンニャク,1,コンニャク1,138.8238252,36.29276166,2
コンニャク,2,コンニャク2,138.8226267,36.29236403,1
不耕作,0,不耕作,138.8229882,36.29204024,0
緑肥,0,緑肥,138.8203785,36.29352214,0
コンニャク,1,コンニャク1,138.824549,36.29338439,0
コンニャク,3,コンニャク3,138.8260496,36.29215437,0
コンニャク,3,コンニャク3,138.8249561,36.29179537,1
緑肥,0,緑肥,138.8253915,36.29100697,0
野菜等,0,野菜等,138.826222,36.29065764,0
野菜等,0,野菜等,138.8428364,36.28228107,0
農地以外,0,農地以外,138.8408417,36.28036899,0
緑肥,0,緑肥,138.839402,36.27881795,0
耕作放棄,0,耕作放棄,138.8382293,36.27902938,0
コンニャク,1,コンニャク1,138.8376995,36.27897218,2
コンニャク,1,コンニャク1,138.8420002,36.2811221,1
農地以外,0,農地以外,138.841029,36.28214852,0
野菜等,0,野菜等,138.8411488,36.28284275,0
耕作放棄,0,耕作放棄,138.8432722,36.28349969,0
コンニャク,1,コンニャク1,138.8419904,36.28440474,1
コンニャク,1,コンニャク1,138.838904,36.27985809,1
耕作放棄,0,耕作放棄,138.8381467,36.27984157,0
コンニャク,1,コンニャク1,138.8371091,36.27990227,1
野菜等,0,野菜等,138.8357916,36.27996243,0
野菜等,0,野菜等,138.835211,36.28001714,0
コンニャク,3,コンニャク3,138.8365861,36.28096981,0
コンニャク,1,コンニャク1,138.8377726,36.2809373,1
野菜等,0,野菜等,138.8383969,36.28409161,0
野菜等,0,野菜等,138.8395846,36.2834075,0
農地以外,0,農地以外,138.8406942,36.28501017,0
耕作放棄,0,耕作放棄,138.8345543,36.28034915,0
緑肥,0,緑肥,138.8348631,36.2810801,0
コンニャク,2,コンニャク2,138.8342899,36.28261602,2
コンニャク,2,コンニャク2,138.8334923,36.28424225,0
緑肥,0,緑肥,138.8332888,36.28382141,0
コンニャク,3,コンニャク3,138.8341494,36.28369686,3
コンニャク,1,コンニャク1,138.8354848,36.28307038,2
コンニャク,1,コンニャク1,138.8356796,36.28349506,2
耕作放棄,0,耕作放棄,138.8367915,36.28294305,0
野菜等,0,野菜等,138.8325882,36.28407325,0
野菜等,0,野菜等,138.8317647,36.28446405,0
コンニャク,0,コンニャク0,138.8338006,36.28483039,1
コンニャク,2,コンニャク2,138.8343466,36.28465955,1
野菜等,0,野菜等,138.8353207,36.28550941,0
野菜等,0,野菜等,138.8352,36.2864422,0
野菜等,0,野菜等,138.8345541,36.28653279,0
コンニャク,1,コンニャク1,138.8351423,36.28702154,1
コンニャク,1,コンニャク1,138.8353164,36.28759499,2
不耕作,0,不耕作,138.8364891,36.28793818,0
コンニャク,1,コンニャク1,138.8361544,36.28850114,1
コンニャク,1,コンニャク1,138.8354894,36.28877042,1
農地以外,0,農地以外,138.8357983,36.28823746,0
農地以外,0,農地以外,138.8350727,36.28823174,0
農地以外,0,農地以外,138.8356557,36.28790765,0
不耕作,0,不耕作,138.8353882,36.2880994,0
野菜等,0,野菜等,138.837443,36.28883362,0
コンニャク,1,コンニャク1,138.8362522,36.28903836,2
不耕作,0,不耕作,138.8364829,36.28951451,2
コンニャク,1,コンニャク1,138.8363719,36.28925779,0
野菜等,0,野菜等,138.8319386,36.28908681,0
コンニャク,1,コンニャク1,138.8345343,36.28790787,1
コンニャク,2,コンニャク2,138.8325609,36.28818856,1
コンニャク,2,コンニャク2,138.8316251,36.28834873,1
不耕作,0,不耕作,138.8342303,36.28728017,0
コンニャク,1,コンニャク1,138.832467,36.28753652,1
コンニャク,1,コンニャク1,138.831215,36.28770295,1
不耕作,0,不耕作,138.8300981,36.28686682,0
コンニャク,2,コンニャク2,138.829817,36.28650134,0
不耕作,0,不耕作,138.8301755,36.28644639,0
緑肥,0,緑肥,138.8326878,36.28504774,0
緑肥,0,緑肥,138.8302943,36.28553976,0
野菜等,0,野菜等,138.829641,36.28495267,0
コンニャク,1,コンニャク1,138.8273733,36.28548593,1
コンニャク,3,コンニャク3,138.8287037,36.28572981,0
コンニャク,2,コンニャク2,138.8284938,36.28722742,1
野菜等,0,野菜等,138.8298155,36.28754011,0
不耕作,0,不耕作,138.8289247,36.28799873,0
不耕作,0,不耕作,138.8302008,36.28812225,0
コンニャク,1,コンニャク1,138.8279927,36.28969906,1
緑肥,0,緑肥,138.82997,36.28967861,0
緑肥,0,緑肥,138.8296372,36.2893943,0
コンニャク,1,コンニャク1,138.8287798,36.2903293,1
野菜等,0,野菜等,138.8306016,36.28975296,0
野菜等,0,野菜等,138.8273374,36.28972056,0
コンニャク,1,コンニャク1,138.8261555,36.2890897,2
コンニャク,1,コンニャク1,138.825385,36.28716294,1
コンニャク,1,コンニャク1,138.8250805,36.28737055,1
不耕作,0,不耕作,138.8246393,36.28771767,1
コンニャク,3,コンニャク3,138.8234871,36.28752375,0
コンニャク,1,コンニャク1,138.82248,36.2881218,1
コンニャク,1,コンニャク1,138.8198736,36.2884863,0
野菜等,0,野菜等,138.8209834,36.29091726,0
コンニャク,1,コンニャク1,138.8216986,36.2919854,1
緑肥,0,緑肥,138.8198561,36.29441705,1
緑肥,0,緑肥,138.8214665,36.29319746,3
コンニャク,1,コンニャク1,138.8190584,36.2939186,3
野菜等,0,野菜等,138.818675,36.29403635,1
野菜等,0,野菜等,138.8204705,36.29152005,0
野菜等,0,野菜等,138.8203712,36.29107086,0
コンニャク,0,コンニャク0,138.8200916,36.29021135,2
不耕作,0,不耕作,138.8192352,36.29071766,0
緑肥,0,緑肥,138.8183538,36.29099354,0
コンニャク,1,コンニャク1,138.8174185,36.29129263,2
コンニャク,1,コンニャク1,138.8189332,36.29000701,1
コンニャク,1,コンニャク1,138.8177369,36.2900648,2
野菜等,0,野菜等,138.8174662,36.29040271,0
緑肥,0,緑肥,138.8172563,36.2899083,0
コンニャク,3,コンニャク3,138.8179671,36.29409751,0
コンニャク,2,コンニャク2,138.8168645,36.2944552,1
コンニャク,2,コンニャク2,138.8161012,36.29457225,1
コンニャク,1,コンニャク1,138.8176187,36.29335587,0
コンニャク,1,コンニャク1,138.816773,36.29361303,2
不耕作,0,不耕作,138.8162377,36.29377898,2
コンニャク,1,コンニャク1,138.8168313,36.29251197,2